#N,base,omp
400,0.000107,0.000404
1000,0.000240,0.000419
2000,0.001461,0.000810
4000,0.000895,0.000966
8000,0.002762,0.002247
16000,0.003593,0.003854
