N,Time1,Time2,Speedup
4000,0.003992,0.001931,2.06732
5000,0.005101,0.002393,2.13163
6000,0.002412,0.016283,0.14813
7000,0.002717,0.001090,2.49266
8000,0.003386,0.001792,1.88951
9000,0.003549,0.001970,1.80152
10000,0.008852,0.003729,2.37383
11000,0.009237,0.001755,5.26325
12000,0.005438,0.003133,1.73572
